{"cameraMode":{"drawMode":0,"name":"Shaded","section":"Shading Mode"},"sceneLighting":true,"audioPlay":false,"sceneViewState":{"m_AlwaysRefresh":false,"showFog":true,"showSkybox":true,"showFlares":true,"showImageEffects":true,"showParticleSystems":true,"showVisualEffectGraphs":true,"m_FxEnabled":true},"in2DMode":false,"pivot":{"x":-6.6872687339782719,"y":2.134584665298462,"z":-0.05306131765246391},"rotation":{"x":0.07837438583374024,"y":0.7114427089691162,"z":-0.08037818968296051,"w":0.6937325596809387},"size":1.2247449159622193,"orthographic":false}