{"cameraMode":{"drawMode":0,"name":"Shaded","section":"Shading Mode"},"sceneLighting":true,"audioPlay":false,"sceneViewState":{"m_AlwaysRefresh":false,"showFog":true,"showSkybox":true,"showFlares":true,"showImageEffects":true,"showParticleSystems":true,"showVisualEffectGraphs":true,"m_FxEnabled":true},"in2DMode":false,"pivot":{"x":-3.411027431488037,"y":1.6256741285324097,"z":0.12767533957958222},"rotation":{"x":-0.007514393422752619,"y":-0.6974747180938721,"z":0.007333732210099697,"w":-0.7165511846542358},"size":2.467710018157959,"orthographic":false}